"window_start","k_mgl","mg_mgl","ca_mgl","no3n_mgl","nh4n_mgl","site"
1988-01-05,0.806666666666667,2.19266666666667,3.42,155.066666666667,27.5333333333333,"BQ1"
1988-03-08,0.89,1.976875,3.084375,207.8125,22.125,"BQ1"
1988-05-10,0.881111111111111,2.183,2.985,157.5,90.625,"BQ1"
1988-07-12,0.760769230769231,1.95230769230769,2.68692307692308,63,15.5,"BQ1"
1988-09-13,0.7925,2.43875,3.665,140.555555555556,50.25,"BQ1"
1988-11-15,0.844444444444444,2.37222222222222,4.15125,153.625,NA,"BQ1"
1989-01-17,0.908888888888889,2.78333333333333,4.29333333333333,130.111111111111,NA,"BQ1"
1989-03-21,0.854444444444444,2.73888888888889,4.44444444444444,141.888888888889,NA,"BQ1"
1989-05-23,0.947777777777778,2.90111111111111,4.53444444444444,123,NA,"BQ1"
1989-07-25,0.934444444444444,2.64666666666667,4.04222222222222,88.375,NA,"BQ1"
1989-09-26,1.32083333333333,3.01545454545455,4.22909090909091,415.714285714286,NA,"BQ1"
1989-11-28,1.14666666666667,3.22666666666667,5.85666666666667,99,NA,"BQ1"
1990-01-30,1.23444444444444,3.16666666666667,5.54666666666667,211.375,NA,"BQ1"
1990-04-03,1.36285714285714,2.54928571428571,4.31285714285714,450.307692307692,NA,"BQ1"
1990-06-05,1.15555555555556,3.23333333333333,5.49444444444444,143.777777777778,NA,"BQ1"
1990-08-07,0.884444444444444,3.26888888888889,5.84111111111111,80.8333333333333,NA,"BQ1"
1990-10-09,1.007,2.832,4.603,108.5,NA,"BQ1"
1990-12-11,0.983,2.988,5.297,155.375,NA,"BQ1"
1991-02-12,0.821,3.145,5.656,65.9,NA,"BQ1"
1991-04-16,0.925555555555556,2.94777777777778,5.16777777777778,46.375,NA,"BQ1"
1991-06-18,0.764444444444444,3.37777777777778,5.62222222222222,32.4285714285714,NA,"BQ1"
1991-08-20,1.165,3.614,5.84,63.5,NA,"BQ1"
1991-10-22,1.14076923076923,2.71615384615385,4.27461538461538,121.692307692308,NA,"BQ1"
1991-12-24,1.24,2.99555555555556,4.97111111111111,187.125,NA,"BQ1"
1992-02-25,1.11111111111111,3.57888888888889,6.30888888888889,79.75,NA,"BQ1"
1992-04-28,1.03111111111111,2.59,4.30333333333333,57.125,NA,"BQ1"
1992-06-30,1.14666666666667,3.24555555555556,5.60666666666667,140.625,NA,"BQ1"
1992-09-01,1.06555555555556,3.51777777777778,6.2,67.7142857142857,NA,"BQ1"
1992-11-03,0.962222222222222,2.49555555555556,4.54333333333333,33,NA,"BQ1"
1993-01-05,1.13444444444444,3.18111111111111,4.97555555555556,20,NA,"BQ1"
1993-03-09,1.17444444444444,3.67111111111111,5.79555555555556,137.111111111111,NA,"BQ1"
1993-05-11,1.15777777777778,3.22222222222222,5.61111111111111,28.3333333333333,NA,"BQ1"
1993-07-13,1.00333333333333,3.01333333333333,5.46777777777778,44.6,NA,"BQ1"
1993-09-14,1.12111111111111,3.32666666666667,5.92111111111111,28.3333333333333,NA,"BQ1"
1993-11-16,1.18,3.16888888888889,5.68888888888889,22.1666666666667,NA,"BQ1"
1994-01-18,1.00555555555556,2.95111111111111,5.30222222222222,13.5,NA,"BQ1"
1994-03-22,1.05111111111111,3.34777777777778,6.14,65.6666666666667,NA,"BQ1"
1994-05-24,1.21,3.85,6.785,51.2222222222222,NA,"BQ1"
1994-07-26,1.23777777777778,3.39888888888889,6.01555555555556,NA,NA,"BQ1"
1994-09-27,1.12,3.18333333333333,5.92111111111111,NA,NA,"BQ1"
1994-11-29,1.008,3.036,5.688,109,NA,"BQ1"
1988-01-05,0.867222222222222,2.11,4.41555555555556,239.1875,18.5,"BQ2"
1988-03-08,0.783333333333333,2.31666666666667,4.24333333333333,192.333333333333,27.1428571428571,"BQ2"
1988-05-10,0.797,2.119,3.587,239.333333333333,74.4285714285714,"BQ2"
1988-07-12,0.784666666666667,2.02866666666667,3.446,178.333333333333,14,"BQ2"
1988-09-13,0.77,2.37,4.55,205,47,"BQ2"
1988-11-15,0.872222222222222,2.36333333333333,4.16111111111111,220.666666666667,NA,"BQ2"
1989-01-17,0.901111111111111,2.52,4.59222222222222,232.8,NA,"BQ2"
1989-03-21,0.876666666666667,2.87666666666667,4.46777777777778,190.555555555556,NA,"BQ2"
1989-05-23,0.952222222222222,2.51666666666667,4.61555555555556,166.666666666667,NA,"BQ2"
1989-07-25,1.01,2.54111111111111,4.90555555555556,143.25,NA,"BQ2"
1989-09-26,1.45333333333333,2.97,5.46545454545455,419.111111111111,NA,"BQ2"
1989-11-28,1.20666666666667,3.12333333333333,6.61333333333333,239.25,NA,"BQ2"
1990-01-30,1.33888888888889,3.05222222222222,6.53,188,NA,"BQ2"
1990-04-03,1.36357142857143,2.49071428571429,5.19714285714286,466.769230769231,NA,"BQ2"
1990-06-05,1.13111111111111,3.20888888888889,6.77666666666667,232.777777777778,NA,"BQ2"
1990-08-07,0.925555555555556,3.22444444444444,7.18777777777778,121.111111111111,NA,"BQ2"
1990-10-09,0.901,2.712,5.773,164.7,NA,"BQ2"
1990-12-11,0.998,3.08,6.782,182.111111111111,NA,"BQ2"
1991-02-12,0.843,2.938,6.742,138.111111111111,NA,"BQ2"
1991-04-16,1.01,2.83777777777778,3.79666666666667,35.75,NA,"BQ2"
1991-06-18,0.995555555555556,3.20111111111111,5.31666666666667,81,NA,"BQ2"
1991-08-20,1.42,2.986,6.027,88.2,NA,"BQ2"
1991-10-22,1.27307692307692,2.71153846153846,4.76076923076923,226.692307692308,NA,"BQ2"
1991-12-24,1.30333333333333,2.92444444444444,5.82888888888889,283.888888888889,NA,"BQ2"
1992-02-25,1.12222222222222,3.12111111111111,5.85222222222222,88.125,NA,"BQ2"
1992-04-28,1.24666666666667,2.48222222222222,5.24,124.875,NA,"BQ2"
1992-06-30,1.23,3.26,6.88,108.222222222222,NA,"BQ2"
1992-09-01,1.26777777777778,3.16555555555556,6.64111111111111,49.125,NA,"BQ2"
1992-11-03,1.21444444444444,2.60444444444444,5.69444444444444,66.2857142857143,NA,"BQ2"
1993-01-05,1.27,3.18111111111111,6.49,135,NA,"BQ2"
1993-03-09,1.30444444444444,3.24333333333333,6.34777777777778,144,NA,"BQ2"
1993-05-11,1.46888888888889,2.96111111111111,6.17111111111111,72.75,NA,"BQ2"
1993-07-13,1.41222222222222,3.17777777777778,7.20555555555556,23.5,NA,"BQ2"
1993-09-14,1.33,2.85333333333333,6.41444444444444,55.3333333333333,NA,"BQ2"
1993-11-16,1.4,2.61555555555556,6.37111111111111,56.6666666666667,NA,"BQ2"
1994-01-18,1.35333333333333,2.82888888888889,5.91666666666667,12.3333333333333,NA,"BQ2"
1994-03-22,1.27333333333333,3.05666666666667,6.77,30.1666666666667,NA,"BQ2"
1994-05-24,1.46125,3.11875,6.51,87.625,NA,"BQ2"
1994-07-26,0.95,1.93333333333333,3.91333333333333,NA,NA,"BQ2"
1994-09-27,1.2125,2.125,4.5125,NA,NA,"BQ2"
1994-11-29,1.292,2.744,5.898,NA,NA,"BQ2"
1988-01-05,0.728,2.556,3.39533333333333,165.4375,33.1764705882353,"BQ3"
1988-03-08,0.555555555555556,2.61444444444444,3.47666666666667,205.222222222222,26.3333333333333,"BQ3"
1988-05-10,0.688,2.339,2.613,196,59.5714285714286,"BQ3"
1988-07-12,0.632857142857143,2.25928571428571,2.71071428571429,134.666666666667,28.6,"BQ3"
1988-09-13,0.6275,2.48875,3.33125,168.25,41.75,"BQ3"
1988-11-15,0.736666666666667,2.66,3.815,191.333333333333,NA,"BQ3"
1989-01-17,0.768888888888889,2.80333333333333,3.80111111111111,163.666666666667,NA,"BQ3"
1989-03-21,0.734444444444444,2.73555555555556,3.90333333333333,164.666666666667,NA,"BQ3"
1989-05-23,0.751111111111111,2.80666666666667,3.75333333333333,92.2222222222222,NA,"BQ3"
1989-07-25,0.81125,2.43444444444444,3.61666666666667,155.875,NA,"BQ3"
1989-09-26,1.47083333333333,3.32545454545455,3.61636363636364,444.625,NA,"BQ3"
1989-11-28,1.26888888888889,3.56666666666667,5.14333333333333,218.625,NA,"BQ3"
1990-01-30,1.45222222222222,3.37555555555556,4.81,381.777777777778,NA,"BQ3"
1990-04-03,1.34785714285714,2.67428571428571,3.68857142857143,352.307692307692,NA,"BQ3"
1990-06-05,1.18555555555556,3.36777777777778,4.61444444444444,224.25,NA,"BQ3"
1990-08-07,0.994444444444444,3.45222222222222,5.59333333333333,151.777777777778,NA,"BQ3"
1990-10-09,0.934,2.934,5.102,155.111111111111,NA,"BQ3"
1990-12-11,0.946,3.08,4.677,170.625,NA,"BQ3"
1991-02-12,0.79,3.772,4.788,146.3,NA,"BQ3"
1991-04-16,0.892222222222222,3.24333333333333,4.21666666666667,56.1428571428571,NA,"BQ3"
1991-06-18,0.858888888888889,3.53555555555556,4.44777777777778,118.625,NA,"BQ3"
1991-08-20,1.05,3.249,4.675,114.8,NA,"BQ3"
1991-10-22,0.877692307692308,2.81384615384615,3.82076923076923,167,NA,"BQ3"
1991-12-24,1.03333333333333,3.13,4.88888888888889,179.555555555556,NA,"BQ3"
1992-02-25,1.12,3.35111111111111,6.21,127.375,NA,"BQ3"
1992-04-28,0.935555555555556,2.73,4.05444444444444,115,NA,"BQ3"
1992-06-30,1.14111111111111,3.26333333333333,4.68222222222222,44.8888888888889,NA,"BQ3"
1992-09-01,0.893333333333333,3.21777777777778,4.83555555555556,56.3333333333333,NA,"BQ3"
1992-11-03,1.09777777777778,3.24666666666667,4.52888888888889,40.2857142857143,NA,"BQ3"
1993-01-05,0.812222222222222,3.02111111111111,4.03777777777778,207,NA,"BQ3"
1993-03-09,0.812222222222222,3.57111111111111,4.42444444444444,129.125,NA,"BQ3"
1993-05-11,0.855,3.06375,4.31625,59,NA,"BQ3"
1993-07-13,0.835555555555556,2.95,4.68777777777778,102.833333333333,NA,"BQ3"
1993-09-14,0.804444444444444,3.0775,4.52666666666667,43.6666666666667,NA,"BQ3"
1993-11-16,0.883333333333333,2.75777777777778,4.22555555555556,32.3333333333333,NA,"BQ3"
1994-01-18,0.837777777777778,2.97333333333333,4.36666666666667,11,NA,"BQ3"
1994-03-22,0.862222222222222,3.36666666666667,5.06666666666667,49,NA,"BQ3"
1994-05-24,0.907,3.657,5.294,52.1111111111111,NA,"BQ3"
1994-07-26,0.843333333333333,3.52222222222222,4.98,NA,NA,"BQ3"
1994-09-27,0.864444444444444,3.15444444444444,4.56111111111111,NA,NA,"BQ3"
1994-11-29,0.85,3.198,4.586,NA,NA,"BQ3"
1988-01-05,NA,NA,NA,NA,NA,"PR"
1988-03-08,NA,NA,NA,NA,NA,"PR"
1988-05-10,NA,NA,NA,NA,NA,"PR"
1988-07-12,NA,NA,NA,NA,NA,"PR"
1988-09-13,NA,NA,NA,NA,NA,"PR"
1988-11-15,NA,NA,NA,NA,NA,"PR"
1989-01-17,NA,NA,NA,NA,NA,"PR"
1989-03-21,0.77,1.92,6.15,69,NA,"PR"
1989-05-23,0.675,1.965,6.525,58.2857142857143,NA,"PR"
1989-07-25,0.661428571428571,1.57833333333333,6.25285714285714,73.7142857142857,NA,"PR"
1989-09-26,1.21,2.194,6.906,263.5,NA,"PR"
1989-11-28,0.9,2.51875,9.15375,85.8571428571429,NA,"PR"
1990-01-30,1.08555555555556,2.04888888888889,8.305,243.888888888889,NA,"PR"
1990-04-03,0.994444444444444,2.20777777777778,9.50333333333333,130.111111111111,NA,"PR"
1990-06-05,0.93,2.03555555555556,8.52333333333333,175.666666666667,NA,"PR"
1990-08-07,0.842222222222222,2.10555555555556,9.42111111111111,128.888888888889,NA,"PR"
1990-10-09,0.763333333333333,1.79555555555556,6.92,142.125,NA,"PR"
1990-12-11,0.648888888888889,2.25,7.63222222222222,139,NA,"PR"
1991-02-12,0.902222222222222,1.90111111111111,7.14625,96,NA,"PR"
1991-04-16,0.773333333333333,0.831428571428571,4.7,55.125,NA,"PR"
1991-06-18,0.77375,1.96875,6.26,57.125,NA,"PR"
1991-08-20,0.838888888888889,2.47666666666667,8.87777777777778,106,NA,"PR"
1991-10-22,0.657777777777778,1.82333333333333,6.10333333333333,105.6,NA,"PR"
1991-12-24,0.8425,2.17875,9.35375,114.625,NA,"PR"
1992-02-25,0.918888888888889,2.75111111111111,9.365,107.375,NA,"PR"
1992-04-28,0.836666666666667,1.75222222222222,7.10111111111111,54.625,NA,"PR"
1992-06-30,0.793333333333333,2.15777777777778,8.5,43.6666666666667,NA,"PR"
1992-09-01,0.9,2.48555555555556,10.1544444444444,46.4444444444444,NA,"PR"
1992-11-03,0.62,1.5975,6.53125,35.1666666666667,NA,"PR"
1993-01-05,0.722222222222222,1.98111111111111,7.80222222222222,78,NA,"PR"
1993-03-09,0.853333333333333,2.30555555555556,9.02888888888889,80.2222222222222,NA,"PR"
1993-05-11,0.807777777777778,2.05111111111111,8.23444444444444,55.3333333333333,NA,"PR"
1993-07-13,0.8075,1.97375,8.455,50.75,NA,"PR"
1993-09-14,0.686666666666667,1.94444444444444,7.88222222222222,38.8888888888889,NA,"PR"
1993-11-16,0.598888888888889,1.52222222222222,6.6,33.2,NA,"PR"
1994-01-18,0.636666666666667,1.88222222222222,8,6.33333333333333,NA,"PR"
1994-03-22,0.758888888888889,2.11555555555556,9.25666666666667,18.4,NA,"PR"
1994-05-24,0.827777777777778,2.35444444444444,8.94111111111111,24.75,NA,"PR"
1994-07-26,0.872222222222222,2.42888888888889,9.21222222222222,179,NA,"PR"
1994-09-27,0.764444444444444,1.93,8.95666666666667,NA,NA,"PR"
1994-11-29,0.738,2.338,8.16,43,NA,"PR"
